scenario,capture_id,data_type,rx,relative_path,size_bytes,sha256,notes
approaching_cart,20260802163233093,adc_txt,0,data/adc/adc_approaching_box_rx0_20260802163233093/run_001_Pf0_Rx0.txt,1186267,a8fb10cf93c9a89c306ac1033f04ed78a280350b978d50dffaeed721baeaa420,valid_rx0_capture
empty_background,20260802162429496,adc_txt,0,data/adc/adc_empty_background_20260802162429496/run_001_Pf0_Rx0.txt,1178008,15eeb8f3c3d3b4c1072bb61f198b8edafb0ca7c791ccfd666d19b15fd7962993,valid_four_channel_capture
empty_background,20260802162429496,adc_txt,1,data/adc/adc_empty_background_20260802162429496/run_001_Pf0_Rx1.txt,1232657,5fe7c9d31f8a2497f0b39e675b77d872a3876146f3b362e21b0757b58d843dc8,valid_four_channel_capture
empty_background,20260802162429496,adc_txt,2,data/adc/adc_empty_background_20260802162429496/run_001_Pf0_Rx2.txt,1212970,c992631191b4778ad835946845fdeea4ea9c7b6ad3810abf345c65be79b1847b,valid_four_channel_capture
empty_background,20260802162429496,adc_txt,3,data/adc/adc_empty_background_20260802162429496/run_001_Pf0_Rx3.txt,1215943,2027bfa2ba18e84c555f3010fa3846910fcc659a5348ec43b4119e5d674540a6,valid_four_channel_capture
receding_cart,20260802164502658,adc_txt,0,data/adc/adc_receding_box_rx0_retry3_20260802164502658/run_001_Pf0_Rx0.txt,1170210,903c9e884709e38e2ca97b544289a46fb99665915d7f2dbe26e56c93a5cc67a8,final_valid_retry
static_plastic_target,20260802162041191,adc_txt,0,data/adc/adc_test_20260802162041191/run_001_Pf0_Rx0.txt,1187439,9e62456d855923cc6702bc65b8621c408a7f0b293fc5546a3b6a0529b0f79954,valid_four_channel_capture
static_plastic_target,20260802162041191,adc_txt,1,data/adc/adc_test_20260802162041191/run_001_Pf0_Rx1.txt,1237152,405e85e5ba70f301df6d0d5c8c53bebbaf3c8224e7a8af113e41a5a0dda2eb60,valid_four_channel_capture
static_plastic_target,20260802162041191,adc_txt,2,data/adc/adc_test_20260802162041191/run_001_Pf0_Rx2.txt,1226098,9793c951db11ff2ca790ce64da578f1b365950058f1ba4b254a1c14240343f0a,valid_four_channel_capture
static_plastic_target,20260802162041191,adc_txt,3,data/adc/adc_test_20260802162041191/run_001_Pf0_Rx3.txt,1220740,b539243d8641540a07c50e98d542d5cd4a993390332cf273ca513a689813c1d1,valid_four_channel_capture
static_plastic_target,2026_08_02_16_19_35,can_asc,,data/targets/2026_08_02_16_19_35_Tatget__CanData.asc,1589585,6d3b727871ffd1b1e4c182c9a2d559dbbb1eec8bd5d71519e84f29c38b6fbe6c,valid
static_plastic_target,2026_08_02_16_19_35,raw_target_csv,,data/targets/2026_08_02_16_19_35_Tatget_CTLRR-300-V2_1_RawTarget.csv,718724,1342a58ce56496f2011aae8eb65064eaa885fafbe31d5dfb0bf68d9f35f69383,valid
static_plastic_target,2026_08_02_16_19_35,tracked_target_csv,,data/targets/2026_08_02_16_19_35_Tatget_CTLRR-300-V2_1_TraTarget.csv,425648,085287a9320a1ffbc141aaeb792aa32a86c687232702a8ba2e777041071fc8ce,valid
empty_background,2026_08_02_16_23_49,can_asc,,data/targets/2026_08_02_16_23_49_Tatget__CanData.asc,1612940,1735bf788c8e990c0f22db3e7657362a2e37fd9bc71c0a6a4b419344c2fe64d9,valid
empty_background,2026_08_02_16_23_49,raw_target_csv,,data/targets/2026_08_02_16_23_49_Tatget_CTLRR-300-V2_1_RawTarget.csv,840448,f4885a3af4cc93b98620083a9868c5713a4a4f02b7f7c51a9f02a38cbeff0baa,valid
empty_background,2026_08_02_16_23_49,tracked_target_csv,,data/targets/2026_08_02_16_23_49_Tatget_CTLRR-300-V2_1_TraTarget.csv,459632,a66cf67ba18d667d212eaef658ca8733d3355a17330a1c6642b391497eefebe8,valid
approaching_cart,2026_08_02_16_27_16,can_asc,,data/targets/2026_08_02_16_27_16_Tatget__CanData.asc,9371828,8820ed8c3a046939a18c6c34eb575997579b40fcc39f56518a092aaae2c0a147,valid
approaching_cart,2026_08_02_16_27_16,raw_target_csv,,data/targets/2026_08_02_16_27_16_Tatget_CTLRR-300-V2_1_RawTarget.csv,4580956,bea5d1ad5fff2b07bea4ed16b117db4022ab5e7e9a85980c4f65ef225bf2a6c9,valid
approaching_cart,2026_08_02_16_27_16,tracked_target_csv,,data/targets/2026_08_02_16_27_16_Tatget_CTLRR-300-V2_1_TraTarget.csv,2514043,f552ccbeedc3eaa69ef72eeb925d7dabeeed37eb51d29063acc29bd06a8f0b37,valid
receding_cart,2026_08_02_16_34_07,can_asc,,data/targets/2026_08_02_16_34_07_Tatget__CanData.asc,6802406,6343ebb62d66244e2e9f51eaf6aca6ad253ac08182bfa8f59f5f1ff310ce346d,valid
receding_cart,2026_08_02_16_34_07,raw_target_csv,,data/targets/2026_08_02_16_34_07_Tatget_CTLRR-300-V2_1_RawTarget.csv,3201686,c5413051e576b949a3c5cd7ca244b8fee71c7686044eccff3e566e15d1e8965f,valid
receding_cart,2026_08_02_16_34_07,tracked_target_csv,,data/targets/2026_08_02_16_34_07_Tatget_CTLRR-300-V2_1_TraTarget.csv,2198,11a4a8c90381dac2ee97c4bdd5013f3892dd80f19d6615c2ff92773eb2c72658,sparse_tracking_output_preserved
empty_room_person_session,2026_08_02_19_13_58,can_asc,,data/targets/2026_08_02_19_13_58_Tatget__CanData.asc,1823655,6b87edb297d28aea88d50fc7b69d844d6d246a3cb52e94a3eb213d712ce93d49,valid
empty_room_person_session,2026_08_02_19_13_58,raw_target_csv,,data/targets/2026_08_02_19_13_58_Tatget_CTLRR-300-V2_1_RawTarget.csv,407426,271e0f6e22503547ee56cf6f5756c0cb75885d67a5b89031a74276f73888d026,valid
empty_room_person_session,2026_08_02_19_13_58,tracked_target_csv,,data/targets/2026_08_02_19_13_58_Tatget_CTLRR-300-V2_1_TraTarget.csv,323863,5b7b50d00ea5e6aa5d14496d1a9d1618d28a84d13aa4878c9f4835c4b396112f,valid
stationary_person_3m,2026_08_02_21_35_30,can_asc,,data/targets/2026_08_02_21_35_30_Tatget__CanData.asc,1833775,2e5dbf83be570732d311656d936689274c9f903e82cfd0302236d0238638eec7,valid
stationary_person_3m,2026_08_02_21_35_30,raw_target_csv,,data/targets/2026_08_02_21_35_30_Tatget_CTLRR-300-V2_1_RawTarget.csv,432969,8573b19754e77f09015163de126390442396c7de9ce806808583f4849899206a,valid
stationary_person_3m,2026_08_02_21_35_30,tracked_target_csv,,data/targets/2026_08_02_21_35_30_Tatget_CTLRR-300-V2_1_TraTarget.csv,355868,8410f39e2ace0375c1040e12b74251e10b5b48b7f9c47da3e0dd1287e26b98dc,valid
receding_person_short,2026_08_02_21_39_26,can_asc,,data/targets/2026_08_02_21_39_26_Tatget__CanData.asc,1633282,29ed0210ded502b9213b25960293a8f450d3bc81170945d5bd112f9bd2c4c16d,valid_short_path
receding_person_short,2026_08_02_21_39_26,raw_target_csv,,data/targets/2026_08_02_21_39_26_Tatget_CTLRR-300-V2_1_RawTarget.csv,389689,15a23d7cd035de59ac886ad1672bbd4ae0c7c941f1e1f37dd38762fc266689c1,valid_short_path
receding_person_short,2026_08_02_21_39_26,tracked_target_csv,,data/targets/2026_08_02_21_39_26_Tatget_CTLRR-300-V2_1_TraTarget.csv,278282,15fe30b03d8ccf8f433bb2357e8b826715f35167439f43acfeb3d77339f99085,valid_short_path
